Workbook
Name _Valores: OFFSET('Cálculo de Estoque'!$F$8,,,COUNTA('Cálculo de Estoque'!$F$8:$F$1048576))

Sheet Dados
B4: Produto | C4: Descrição | D4: Data | E4: Saída / Demanda | G4: {=COUNTA(_xlfn.UNIQUE(MONTH(tSaida[Data])))} -> 9
B5: 02000 | C5: TELHA GALVALUME TP 40 0,43MM | D5: 45659 | E5: 80.5
B6: 02004 | C6: TELHA GALVALUME TP 40 0,43MM 4,00M | D6: 45659 | E6: 62
B7: 02006 | C7: TELHA GALVALUME TP 40 0,43MM 6,00M | D7: 45659 | E7: 35
B8: 02003 | C8: TELHA GALVALUME TP 40 0,43MM 3,00M | D8: 45659 | E8: 15
B9: 02005 | C9: TELHA GALVALUME TP 40 0,43MM 5,00M | D9: 45659 | E9: 14
B10: 02015 | C10: TELHA GALVALUME OND 17 0,43MM 5,00M | D10: 45659 | E10: 1
B11: 02000 | C11: TELHA GALVALUME TP 40 0,43MM | D11: 45660 | E11: 83.6
B12: 02005 | C12: TELHA GALVALUME TP 40 0,43MM 5,00M | D12: 45660 | E12: 62
B13: 02007 | C13: TELHA GALVALUME TP 40 0,43MM 7,00M | D13: 45660 | E13: 45
B14: 02014 | C14: TELHA GALVALUME OND 17 0,43MM 4,00M | D14: 45660 | E14: 28
B15: 02004 | C15: TELHA GALVALUME TP 40 0,43MM 4,00M | D15: 45660 | E15: 26
B16: 02006 | C16: TELHA GALVALUME TP 40 0,43MM 6,00M | D16: 45660 | E16: 24
... B2073: 02016 | C2073: TELHA GALVALUME OND 17 0,43MM 6,00M | D2073: 45930 | E2073: 19

Sheet Consolidação
G1: A | H1: =SUMIF(G:G,G1,Q:Q) -> 3700
G2: B | H2: =SUMIF(G:G,G2,Q:Q) -> 900
G3: C | H3: =IFERROR(SUMIF(G:G,G3,Q:Q),0) -> 1900 | M3: ='Cálculo de Estoque'!C9 -> 5 | N3: ='Cálculo de Estoque'!C10 -> 0.6
B4: Produto | C4: Descricao | D4: Quantidade | E4: % | F4: Acumulado | G4: ABC | H4: Diário (PC) | I4: Mensal | J4: Média | K4: Desv. Padrão | L4: % Desv.padrão | M4: Lead Time | N4: Nível de Segurança | O4: Estoque de Segurança | P4: Ponto de Pedido | Q4: Estoque Máximo
B5: 02006 | C5: TELHA GALVALUME TP 40 0,43MM 6,00M | D5: 22171 | E5: 0.25548072 | F5: 0.25548072 | G5: A | H5: 124 | I5: =H5*23 -> 2852 | J5: =ROUNDUP(AVERAGEIF(tSaida[Produto],B5,tSaida[Saída / Demanda]),-1) -> 120 | K5: {=IFERROR(_xlfn.STDEV.S(IF(tSaida[Produto]=Consolidação!B5,tSaida[Saída / Demanda])),0)} -> 91.264299 | L5: =K5/J5 -> 0.76053583 | M5: =$M$3 -> 5 | N5: =$N$3 -> 0.6 | O5: =ROUNDUP(NORMSINV(N5)*SQRT((K5^2)*M5+(J5^2)*(1^2)),-1) -> 60 | P5: =J5*M5+O5 -> 660 | Q5: =ROUNDUP(IFERROR((J5+O5)*M5,""),-2) -> 900
B6: 02005 | C6: TELHA GALVALUME TP 40 0,43MM 5,00M | D6: 14858 | E6: 0.17121161 | F6: 0.42669232 | G6: A | H6: 83 | I6: =H6*23 -> 1909 | J6: =ROUNDUP(AVERAGEIF(tSaida[Produto],B6,tSaida[Saída / Demanda]),-1) -> 80 | K6: {=IFERROR(_xlfn.STDEV.S(IF(tSaida[Produto]=Consolidação!B6,tSaida[Saída / Demanda])),0)} -> 57.404457 | L6: =K6/J6 -> 0.71755571 | M6: =$M$3 -> 5 | N6: =$N$3 -> 0.6 | O6: =ROUNDUP(NORMSINV(N6)*SQRT((K6^2)*M6+(J6^2)*(1^2)),-1) -> 40 | P6: =J6*M6+O6 -> 440 | Q6: =ROUNDUP(IFERROR((J6+O6)*M6,""),-2) -> 600
B7: 02004 | C7: TELHA GALVALUME TP 40 0,43MM 4,00M | D7: 12040 | E7: 0.13873925 | F7: 0.56543157 | G7: A | H7: 67 | I7: =H7*23 -> 1541 | J7: =ROUNDUP(AVERAGEIF(tSaida[Produto],B7,tSaida[Saída / Demanda]),-1) -> 70 | K7: {=IFERROR(_xlfn.STDEV.S(IF(tSaida[Produto]=Consolidação!B7,tSaida[Saída / Demanda])),0)} -> 47.695239 | L7: =K7/J7 -> 0.68136055 | M7: =$M$3 -> 5 | N7: =$N$3 -> 0.6 | O7: =ROUNDUP(NORMSINV(N7)*SQRT((K7^2)*M7+(J7^2)*(1^2)),-1) -> 40 | P7: =J7*M7+O7 -> 390 | Q7: =ROUNDUP(IFERROR((J7+O7)*M7,""),-2) -> 600
B8: 02007 | C8: TELHA GALVALUME TP 40 0,43MM 7,00M | D8: 9418 | E8: 0.10852543 | F8: 0.67395701 | G8: A | H8: 53 | I8: =H8*23 -> 1219 | J8: =ROUNDUP(AVERAGEIF(tSaida[Produto],B8,tSaida[Saída / Demanda]),-1) -> 60 | K8: {=IFERROR(_xlfn.STDEV.S(IF(tSaida[Produto]=Consolidação!B8,tSaida[Saída / Demanda])),0)} -> 43.528139 | L8: =K8/J8 -> 0.72546899 | M8: =$M$3 -> 5 | N8: =$N$3 -> 0.6 | O8: =ROUNDUP(NORMSINV(N8)*SQRT((K8^2)*M8+(J8^2)*(1^2)),-1) -> 30 | P8: =J8*M8+O8 -> 330 | Q8: =ROUNDUP(IFERROR((J8+O8)*M8,""),-2) -> 500
B9: 02016 | C9: TELHA GALVALUME OND 17 0,43MM 6,00M | D9: 5005 | E9: 0.057673583 | F9: 0.73163059 | G9: A | H9: 28 | I9: =H9*23 -> 644 | J9: =ROUNDUP(AVERAGEIF(tSaida[Produto],B9,tSaida[Saída / Demanda]),-1) -> 40 | K9: {=IFERROR(_xlfn.STDEV.S(IF(tSaida[Produto]=Consolidação!B9,tSaida[Saída / Demanda])),0)} -> 35.517957 | L9: =K9/J9 -> 0.88794894 | M9: =$M$3 -> 5 | N9: =$N$3 -> 0.6 | O9: =ROUNDUP(NORMSINV(N9)*SQRT((K9^2)*M9+(J9^2)*(1^2)),-1) -> 30 | P9: =J9*M9+O9 -> 230 | Q9: =ROUNDUP(IFERROR((J9+O9)*M9,""),-2) -> 400
B10: 02020 | C10: TELHA CUMEEIRA GL TRAP 40 ABAS 300MM | D10: 4992.5 | E10: 0.057529543 | F10: 0.78916013 | G10: A | H10: 28 | I10: =H10*23 -> 644 | J10: =ROUNDUP(AVERAGEIF(tSaida[Produto],B10,tSaida[Saída / Demanda]),-1) -> 40 | K10: {=IFERROR(_xlfn.STDEV.S(IF(tSaida[Produto]=Consolidação!B10,tSaida[Saída / Demanda])),0)} -> 35.219736 | L10: =K10/J10 -> 0.8804934 | M10: =$M$3 -> 5 | N10: =$N$3 -> 0.6 | O10: =ROUNDUP(NORMSINV(N10)*SQRT((K10^2)*M10+(J10^2)*(1^2)),-1) -> 30 | P10: =J10*M10+O10 -> 230 | Q10: =ROUNDUP(IFERROR((J10+O10)*M10,""),-2) -> 400
B11: 02003 | C11: TELHA GALVALUME TP 40 0,43MM 3,00M | D11: 4944 | E11: 0.056970668 | F11: 0.8461308 | G11: A | H11: 28 | I11: =H11*23 -> 644 | J11: =ROUNDUP(AVERAGEIF(tSaida[Produto],B11,tSaida[Saída / Demanda]),-1) -> 30 | K11: {=IFERROR(_xlfn.STDEV.S(IF(tSaida[Produto]=Consolidação!B11,tSaida[Saída / Demanda])),0)} -> 25.381278 | L11: =K11/J11 -> 0.84604261 | M11: =$M$3 -> 5 | N11: =$N$3 -> 0.6 | O11: =ROUNDUP(NORMSINV(N11)*SQRT((K11^2)*M11+(J11^2)*(1^2)),-1) -> 20 | P11: =J11*M11+O11 -> 170 | Q11: =ROUNDUP(IFERROR((J11+O11)*M11,""),-2) -> 300
B12: 02008 | C12: TELHA GALVALUME TP 40 0,43MM 8,00M | D12: 2871 | E12: 0.033083088 | F12: 0.87921389 | G12: B | H12: 16 | I12: =H12*23 -> 368 | J12: =ROUNDUP(AVERAGEIF(tSaida[Produto],B12,tSaida[Saída / Demanda]),-1) -> 30 | K12: {=IFERROR(_xlfn.STDEV.S(IF(tSaida[Produto]=Consolidação!B12,tSaida[Saída / Demanda])),0)} -> 21.961709 | L12: =K12/J12 -> 0.73205697 | M12: =$M$3 -> 5 | N12: =$N$3 -> 0.6 | O12: =ROUNDUP(NORMSINV(N12)*SQRT((K12^2)*M12+(J12^2)*(1^2)),-1) -> 20 | P12: =J12*M12+O12 -> 170 | Q12: =ROUNDUP(IFERROR((J12+O12)*M12,""),-2) -> 300
B13: 02015 | C13: TELHA GALVALUME OND 17 0,43MM 5,00M | D13: 2705 | E13: 0.031170238 | F13: 0.91038413 | G13: B | H13: 16 | I13: =H13*23 -> 368 | J13: =ROUNDUP(AVERAGEIF(tSaida[Produto],B13,tSaida[Saída / Demanda]),-1) -> 30 | K13: {=IFERROR(_xlfn.STDEV.S(IF(tSaida[Produto]=Consolidação!B13,tSaida[Saída / Demanda])),0)} -> 28.824525 | L13: =K13/J13 -> 0.9608175 | M13: =$M$3 -> 5 | N13: =$N$3 -> 0.6 | O13: =ROUNDUP(NORMSINV(N13)*SQRT((K13^2)*M13+(J13^2)*(1^2)),-1) -> 20 | P13: =J13*M13+O13 -> 170 | Q13: =ROUNDUP(IFERROR((J13+O13)*M13,""),-2) -> 300
B14: 02017 | C14: TELHA GALVALUME OND 17 0,43MM 7,00M | D14: 2407 | E14: 0.027736326 | F14: 0.93812045 | G14: B | H14: 14 | I14: =H14*23 -> 322 | J14: =ROUNDUP(AVERAGEIF(tSaida[Produto],B14,tSaida[Saída / Demanda]),-1) -> 30 | K14: {=IFERROR(_xlfn.STDEV.S(IF(tSaida[Produto]=Consolidação!B14,tSaida[Saída / Demanda])),0)} -> 24.852539 | L14: =K14/J14 -> 0.82841798 | M14: =$M$3 -> 5 | N14: =$N$3 -> 0.6 | O14: =ROUNDUP(NORMSINV(N14)*SQRT((K14^2)*M14+(J14^2)*(1^2)),-1) -> 20 | P14: =J14*M14+O14 -> 170 | Q14: =ROUNDUP(IFERROR((J14+O14)*M14,""),-2) -> 300
B15: 02014 | C15: TELHA GALVALUME OND 17 0,43MM 4,00M | D15: 2303 | E15: 0.026537914 | F15: 0.96465837 | G15: C | H15: 13 | I15: =H15*23 -> 299 | J15: =ROUNDUP(AVERAGEIF(tSaida[Produto],B15,tSaida[Saída / Demanda]),-1) -> 30 | K15: {=IFERROR(_xlfn.STDEV.S(IF(tSaida[Produto]=Consolidação!B15,tSaida[Saída / Demanda])),0)} -> 17.251599 | L15: =K15/J15 -> 0.57505331 | M15: =$M$3 -> 5 | N15: =$N$3 -> 0.6 | O15: =ROUNDUP(NORMSINV(N15)*SQRT((K15^2)*M15+(J15^2)*(1^2)),-1) -> 20 | P15: =J15*M15+O15 -> 170 | Q15: =ROUNDUP(IFERROR((J15+O15)*M15,""),-2) -> 300
B16: 02013 | C16: TELHA GALVALUME OND 17 0,43MM 3,00M | D16: 1605 | E16: 0.018494725 | F16: 0.98315309 | G16: C | H16: 9 | I16: =H16*23 -> 207 | J16: =ROUNDUP(AVERAGEIF(tSaida[Produto],B16,tSaida[Saída / Demanda]),-1) -> 20 | K16: {=IFERROR(_xlfn.STDEV.S(IF(tSaida[Produto]=Consolidação!B16,tSaida[Saída / Demanda])),0)} -> 16.892339 | L16: =K16/J16 -> 0.84461696 | M16: =$M$3 -> 5 | N16: =$N$3 -> 0.6 | O16: =ROUNDUP(NORMSINV(N16)*SQRT((K16^2)*M16+(J16^2)*(1^2)),-1) -> 20 | P16: =J16*M16+O16 -> 120 | Q16: =ROUNDUP(IFERROR((J16+O16)*M16,""),-2) -> 200
... B25: 02020I | C25: TELHA CUMEEIRA GL TRAP 40 ABAS 300MM | D25: 4 | E25: 4.6092773e-05 | F25: 1 | G25: C | H25: 1 | I25: =H25*23 -> 23 | J25: =ROUNDUP(AVERAGEIF(tSaida[Produto],B25,tSaida[Saída / Demanda]),-1) -> 10 | K25: {=IFERROR(_xlfn.STDEV.S(IF(tSaida[Produto]=Consolidação!B25,tSaida[Saída / Demanda])),0)} -> 0 | L25: =K25/J25 -> 0 | M25: =$M$3 -> 5 | N25: =$N$3 -> 0.6 | O25: =ROUNDUP(NORMSINV(N25)*SQRT((K25^2)*M25+(J25^2)*(1^2)),-1) -> 10 | P25: =J25*M25+O25 -> 60 | Q25: =ROUNDUP(IFERROR((J25+O25)*M25,""),-2) -> 100

Sheet Cálculo de Estoque
E5: Produto | F5: 02006 | G5: =INDEX(tSaida[Descrição],MATCH('Cálculo de Estoque'!F5,tSaida[Produto],0)) -> TELHA GALVALUME TP 40 0,43MM 6,00M
I6: pedido
B7: Média | C7: =ROUNDUP(AVERAGE(_Valores),-1) -> 120 | E7: Data | F7: Saída | G7: Entrada | H7: Estoque | I7: Previsão | J7: Recebimento
B8: Desv. Padrão | C8: =_xlfn.STDEV.S(_Valores) -> 91.264299 | E8: 45659 | F8: 35 | G8: =IFERROR(VLOOKUP(E8,$I$1:J7,2,0),0) -> 0 | H8: =C14 -> 0 | I8: =IF(H8<=$C$12,IF(COUNT(OFFSET(I7,,,-4))>0,"",E8+$C$9),"") -> 45664 | J8: =IF(ISNUMBER(I8),$C$13-(H8-SUM(F8:F12)),"") -> 1216
B9: Lead Time | C9: 5 | E9: 45660 | F9: 24 | G9: =IFERROR(VLOOKUP(E9,$I$1:J8,2,0),0) -> 0 | H9: =H8+G9-F9 -> -24 | I9: =IF(H9<=$C$12,IF(COUNT(OFFSET(I8,,,-4))>0,"",E9+$C$9),"") | J9: =IF(ISNUMBER(I9),$C$13-(H9-SUM(F9:F13)),"")
B10: Nível de Segurança | C10: 0.6 | E10: 45663 | F10: 96 | G10: =IFERROR(VLOOKUP(E10,$I$1:J9,2,0),0) -> 0 | H10: =H9+G10-F10 -> -120 | I10: =IF(H10<=$C$12,IF(COUNT(OFFSET(I9,,,-4))>0,"",E10+$C$9),"") | J10: =IF(ISNUMBER(I10),$C$13-(H10-SUM(F10:F14)),"")
B11: Estoque de Segurança | C11: =ROUNDUP(NORMSINV(C10)*SQRT((C8^2)*C9+(C7^2)*(1^2)),-1) -> 60 | E11: 45664 | F11: 126 | G11: =IFERROR(VLOOKUP(E11,$I$1:J10,2,0),0) -> 1216 | H11: =H10+G11-F11 -> 970 | I11: =IF(H11<=$C$12,IF(COUNT(OFFSET(I10,,,-4))>0,"",E11+$C$9),"") | J11: =IF(ISNUMBER(I11),$C$13-(H11-SUM(F11:F15)),"")
B12: Ponto de Ressuprimento | C12: =C7*C9+C11 -> 660 | E12: 45665 | F12: 35 | G12: =IFERROR(VLOOKUP(E12,$I$1:J11,2,0),0) -> 0 | H12: =H11+G12-F12 -> 935 | I12: =IF(H12<=$C$12,IF(COUNT(OFFSET(I11,,,-4))>0,"",E12+$C$9),"") | J12: =IF(ISNUMBER(I12),$C$13-(H12-SUM(F12:F16)),"")
B13: Estoque Máximo | C13: =(C7+C11)*C9 -> 900 | E13: 45666 | F13: 226 | G13: =IFERROR(VLOOKUP(E13,$I$1:J12,2,0),0) -> 0 | H13: =H12+G13-F13 -> 709 | I13: =IF(H13<=$C$12,IF(COUNT(OFFSET(I12,,,-4))>0,"",E13+$C$9),"") | J13: =IF(ISNUMBER(I13),$C$13-(H13-SUM(F13:F17)),"")
B14: Estoque Inicial | C14: 0 | E14: 45667 | F14: 106 | G14: =IFERROR(VLOOKUP(E14,$I$1:J13,2,0),0) -> 0 | H14: =H13+G14-F14 -> 603 | I14: =IF(H14<=$C$12,IF(COUNT(OFFSET(I13,,,-4))>0,"",E14+$C$9),"") -> 45672 | J14: =IF(ISNUMBER(I14),$C$13-(H14-SUM(F14:F18)),"") -> 800
E15: 45670 | F15: 268 | G15: =IFERROR(VLOOKUP(E15,$I$1:J14,2,0),0) -> 0 | H15: =H14+G15-F15 -> 335 | I15: =IF(H15<=$C$12,IF(COUNT(OFFSET(I14,,,-4))>0,"",E15+$C$9),"") | J15: =IF(ISNUMBER(I15),$C$13-(H15-SUM(F15:F19)),"")
E16: 45671 | F16: 31 | G16: =IFERROR(VLOOKUP(E16,$I$1:J15,2,0),0) -> 0 | H16: =H15+G16-F16 -> 304 | I16: =IF(H16<=$C$12,IF(COUNT(OFFSET(I15,,,-4))>0,"",E16+$C$9),"") | J16: =IF(ISNUMBER(I16),$C$13-(H16-SUM(F16:F20)),"")
E17: 45672 | F17: 80 | G17: =IFERROR(VLOOKUP(E17,$I$1:J16,2,0),0) -> 800 | H17: =H16+G17-F17 -> 1024 | I17: =IF(H17<=$C$12,IF(COUNT(OFFSET(I16,,,-4))>0,"",E17+$C$9),"") | J17: =IF(ISNUMBER(I17),$C$13-(H17-SUM(F17:F21)),"")
E18: 45673 | F18: 18 | G18: =IFERROR(VLOOKUP(E18,$I$1:J17,2,0),0) -> 0 | H18: =H17+G18-F18 -> 1006 | I18: =IF(H18<=$C$12,IF(COUNT(OFFSET(I17,,,-4))>0,"",E18+$C$9),"") | J18: =IF(ISNUMBER(I18),$C$13-(H18-SUM(F18:F22)),"")
E19: 45674 | F19: 106 | G19: =IFERROR(VLOOKUP(E19,$I$1:J18,2,0),0) -> 0 | H19: =H18+G19-F19 -> 900 | I19: =IF(H19<=$C$12,IF(COUNT(OFFSET(I18,,,-4))>0,"",E19+$C$9),"") | J19: =IF(ISNUMBER(I19),$C$13-(H19-SUM(F19:F23)),"")
E20: 45677 | F20: 241 | G20: =IFERROR(VLOOKUP(E20,$I$1:J19,2,0),0) -> 0 | H20: =H19+G20-F20 -> 659 | I20: =IF(H20<=$C$12,IF(COUNT(OFFSET(I19,,,-4))>0,"",E20+$C$9),"") -> 45682 | J20: =IF(ISNUMBER(I20),$C$13-(H20-SUM(F20:F24)),"") -> 1635
E21: 45678 | F21: 113 | G21: =IFERROR(VLOOKUP(E21,$I$1:J20,2,0),0) -> 0 | H21: =H20+G21-F21 -> 546 | I21: =IF(H21<=$C$12,IF(COUNT(OFFSET(I20,,,-4))>0,"",E21+$C$9),"") | J21: =IF(ISNUMBER(I21),$C$13-(H21-SUM(F21:F25)),"")
E22: 45679 | F22: 550 | G22: =IFERROR(VLOOKUP(E22,$I$1:J21,2,0),0) -> 0 | H22: =H21+G22-F22 -> -4 | I22: =IF(H22<=$C$12,IF(COUNT(OFFSET(I21,,,-4))>0,"",E22+$C$9),"") | J22: =IF(ISNUMBER(I22),$C$13-(H22-SUM(F22:F26)),"")
E23: 45680 | F23: 216 | G23: =IFERROR(VLOOKUP(E23,$I$1:J22,2,0),0) -> 0 | H23: =H22+G23-F23 -> -220 | I23: =IF(H23<=$C$12,IF(COUNT(OFFSET(I22,,,-4))>0,"",E23+$C$9),"") | J23: =IF(ISNUMBER(I23),$C$13-(H23-SUM(F23:F27)),"")
E24: 45681 | F24: 274 | G24: =IFERROR(VLOOKUP(E24,$I$1:J23,2,0),0) -> 0 | H24: =H23+G24-F24 -> -494 | I24: =IF(H24<=$C$12,IF(COUNT(OFFSET(I23,,,-4))>0,"",E24+$C$9),"") | J24: =IF(ISNUMBER(I24),$C$13-(H24-SUM(F24:F28)),"")
E25: 45684 | F25: 77 | G25: =IFERROR(VLOOKUP(E25,$I$1:J24,2,0),0) -> 0 | H25: =H24+G25-F25 -> -571 | I25: =IF(H25<=$C$12,IF(COUNT(OFFSET(I24,,,-4))>0,"",E25+$C$9),"") -> 45689 | J25: =IF(ISNUMBER(I25),$C$13-(H25-SUM(F25:F29)),"") -> 2513
E26: 45685 | F26: 329 | G26: =IFERROR(VLOOKUP(E26,$I$1:J25,2,0),0) -> 0 | H26: =H25+G26-F26 -> -900 | I26: =IF(H26<=$C$12,IF(COUNT(OFFSET(I25,,,-4))>0,"",E26+$C$9),"") | J26: =IF(ISNUMBER(I26),$C$13-(H26-SUM(F26:F30)),"")
... E119: 45824 | F119: 116 | G119: =IFERROR(VLOOKUP(E119,$I$1:J118,2,0),0) -> 0 | H119: =H118+G119-F119 -> -1071 | I119: =IF(H119<=$C$12,IF(COUNT(OFFSET(I118,,,-4))>0,"",E119+$C$9),"") | J119: =IF(ISNUMBER(I119),$C$13-(H119-SUM(F119:F123)),"")
E120: 45825 | F120: 173
E121: 45826 | F121: 101
E122: 45828 | F122: 74
E123: 45831 | F123: 15
E124: 45832 | F124: 227
E125: 45833 | F125: 87
E126: 45834 | F126: 93
E127: 45835 | F127: 17
E128: 45838 | F128: 40
E129: 45839 | F129: 79
E130: 45840 | F130: 147
E131: 45841 | F131: 82
... E194: 45930 | F194: 124

Sheet Configurações
B5: Nível de Serviço | C5: Fator de Serviço
B6: 0.5 | C6: 0
B7: 0.6 | C7: 0.254
B8: 0.7 | C8: 0.525
B9: 0.8 | C9: 0.842
B10: 0.85 | C10: 1.037
B11: 0.9 | C11: 1.282
B12: 0.95 | C12: 1.645
B13: 0.96 | C13: 1.751
B14: 0.97 | C14: 1.88
B15: 0.98 | C15: 2.055
B16: 0.99 | C16: 2.325
B17: 0.999 | C17: 3.1
B18: 0.9999 | C18: 3.62
